Processor model	Implict	Type	Opcode	Mnemonic	2200 I INSTRUCTION TIME	2200 II INSTRUCTION TIME	5500 INSTRUCTION TIME
2200-1	0	1	006	LA	16	3.2	1.8
2200-1	0	1	016	LB	16	3.2	1.8
2200-1	0	1	026	LC	16	3.2	1.8
2200-1	0	1	036	LD	16	3.2	1.8
2200-1	0	1	046	LE	16	3.2	1.8
2200-1	0	1	056	LH	16	3.2	1.8
2200-1	0	1	066	LL	16	3.2	1.8
5500	0	1	076	LX	0	0	1.8
2200-1	0	0	300	NOP	16	3.2	1.2
2200-1	0	0	301	LAB	16	3.2	1.2
2200-1	0	0	302	LAC	16	3.2	1.2
2200-1	0	0	303	LAD	16	3.2	1.2
2200-1	0	0	304	LAE	16	3.2	1.2
2200-1	0	0	305	LAH	16	3.2	1.2
2200-1	0	0	306	LAL	16	3.2	1.2
2200-1	0	0	307	LAM	520	4.8	2.6
5500	62	0	307	LAM BC	0	0	3.4
5500	174	0	307	LAM DE	0	0	3.4
5500	22	0	307	LAM XA	0	0	3.4
2200-1	0	0	310	LBA	16	3.2	1.2
2200-1	0	0	311	NOP	16	3.2	1.2
2200-1	0	0	312	LBC	16	3.2	1.2
2200-1	0	0	313	LBD	16	3.2	1.2
2200-1	0	0	314	LBE	16	3.2	1.2
2200-1	0	0	315	LBH	16	3.2	1.2
2200-1	0	0	316	LBL	16	3.2	1.2
2200-1	0	0	317	LBM	520	4.8	2.6
5500	62	0	317	LBM BC	0	0	3.4
5500	174	0	317	LBM DE	0	0	3.4
5500	22	0	317	LAM XA	0	0	3.4
2200-1	0	0	320	LCA	16	3.2	1.2
2200-1	0	0	321	LCB	16	3.2	1.2
2200-1	0	0	322	NOP	16	3.2	1.2
2200-1	0	0	323	LCD	16	3.2	1.2
2200-1	0	0	324	LCE	16	3.2	1.2
2200-1	0	0	325	LCH	16	3.2	1.2
2200-1	0	0	326	LCL	16	3.2	1.2
2200-1	0	0	327	LCM	520	4.8	2.6
5500	62	0	327	LCM BC	0	0	3.4
5500	174	0	327	LCM DE	0	0	3.4
5500	22	0	327	LCM XA	0	0	3.4
2200-1	0	0	330	LDA	16	3.2	1.2
2200-1	0	0	331	LDB	16	3.2	1.2
2200-1	0	0	332	LDC	16	3.2	1.2
2200-1	0	0	333	NOP	16	3.2	1.2
2200-1	0	0	334	LDE	16	3.2	1.2
2200-1	0	0	335	LDH	16	3.2	1.2
2200-1	0	0	336	LDL	16	3.2	1.2
2200-1	0	0	337	LDM	520	4.8	2.6
5500	62	0	337	LDM BC	0	0	3.4
5500	174	0	337	LDM DE	0	0	3.4
5500	22	0	337	LDM XA	0	0	3.4
2200-1	0	0	340	LEA	16	3.2	1.2
2200-1	0	0	341	LEB	16	3.2	1.2
2200-1	0	0	342	LEC	16	3.2	1.2
2200-1	0	0	343	LED	16	3.2	1.2
2200-1	0	0	344	NOP	16	3.2	1.2
2200-1	0	0	345	LEH	16	3.2	1.2
2200-1	0	0	346	LEL	16	3.2	1.2
2200-1	0	0	347	LEM	520	4.8	2.6
5500	62	0	347	LEM BC	0	0	3.4
5500	174	0	347	LEM DE	0	0	3.4
5500	22	0	347	LEM XA	0	0	3.4
2200-1	0	0	350	LHA	16	3.2	1.2
2200-1	0	0	351	LHB	16	3.2	1.2
2200-1	0	0	352	LHC	16	3.2	1.2
2200-1	0	0	353	LHD	16	3.2	1.2
2200-1	0	0	354	LHE	16	3.2	1.2
2200-1	0	0	355	NOP	16	3.2	1.2
2200-1	0	0	356	LHL	16	3.2	1.2
2200-1	0	0	357	LHM	520	4.8	2.6
5500	62	0	357	LHM BC	0	0	3.4
5500	174	0	357	LHM DE	0	0	3.4
5500	22	0	357	LHM XA	0	0	3.4
2200-1	0	0	360	LLA	16	3.2	1.2
2200-1	0	0	361	LLB	16	3.2	1.2
2200-1	0	0	362	LLC	16	3.2	1.2
2200-1	0	0	363	LLD	16	3.2	1.2
2200-1	0	0	364	LLE	16	3.2	1.2
2200-1	0	0	365	LLH	16	3.2	1.2
2200-1	0	0	366	NOP	16	3.2	1.2
2200-1	0	0	367	LLM	520	4.8	2.6
5500	62	0	367	LLM BC	0	0	3.4
5500	174	0	367	LLM DE	0	0	3.4
5500	22	0	367	LLM XA	0	0	3.4
2200-1	0	0	370	LMA	16	3.2	1.2
2200-1	0	0	371	LMB	16	3.2	1.2
2200-1	0	0	372	LMC	16	3.2	1.2
2200-1	0	0	373	LMD	16	3.2	1.2
2200-1	0	0	374	LME	16	3.2	1.2
2200-1	0	0	375	LMH	16	3.2	1.2
2200-1	0	0	376	LML	16	3.2	1.2
2200-1	0	0	377	HALT	0	0	0
5500	62	0	370	LMA BC	0	0	3.4
5500	62	0	371	LMB BC	0	0	3.4
5500	62	0	372	LMC BC	0	0	3.4
5500	62	0	373	LMD BC	0	0	3.4
5500	62	0	374	LME BC	0	0	3.4
5500	62	0	375	LMH BC	0	0	3.4
5500	62	0	376	LML BC	0	0	3.4
5500	174	0	370	LMA DE	0	0	3.4
5500	174	0	371	LMB DE	0	0	3.4
5500	174	0	372	LMC DE	0	0	3.4
5500	174	0	373	LMD DE	0	0	3.4
5500	174	0	374	LME DE	0	0	3.4
5500	174	0	375	LMH DE	0	0	3.4
5500	174	0	376	LML DE	0	0	3.4
2200-1	0	1	004	AD	16	4.8	2.2
5500	111	1	004	AD B	0	0	3.2
5500	62	1	004	AD C	0	0	3.2
5500	113	1	004	AD D	0	0	3.2
5500	174	1	004	AD E	0	0	3.2
5500	115	1	004	AD H	0	0	3.2
5500	176	1	004	AD L	0	0	3.2
5500	22	1	004	AD X	0	0	3.2
2200-1	0	0	200	ADA	16	3.2	1.4
5500	111	0	200	ADAB	0	0	2.4
5500	62	0	200	ADAC	0	0	2.4
5500	113	0	200	ADAD	0	0	2.4
5500	174	0	200	ADAE	0	0	2.4
5500	115	0	200	ADAH	0	0	2.4
5500	176	0	200	ADAL	0	0	2.4
5500	22	0	200	ADAX	0	0	2.4
2200-1	0	0	201	ADB	16	3.2	1.4
5500	111	0	201	ADBB	0	0	2.4
5500	62	0	201	ADBC	0	0	2.4
5500	113	0	201	ADBD	0	0	2.4
5500	174	0	201	ADBE	0	0	2.4
5500	115	0	201	ADBH	0	0	2.4
5500	176	0	201	ADBL	0	0	2.4
5500	22	0	201	ADBX	0	0	2.4
2200-1	0	0	202	ADC	16	3.2	1.4
5500	111	0	202	ADCB	0	0	2.4
5500	62	0	202	ADCC	0	0	2.4
5500	113	0	202	ADCD	0	0	2.4
5500	174	0	202	ADCE	0	0	2.4
5500	115	0	202	ADCH	0	0	2.4
5500	176	0	202	ADCL	0	0	2.4
5500	22	0	202	ADCX	0	0	2.4
2200-1	0	0	203	ADD	16	3.2	1.4
5500	111	0	203	ADDB	0	0	2.4
5500	62	0	203	ADDC	0	0	2.4
5500	113	0	203	ADDD	0	0	2.4
5500	174	0	203	ADDE	0	0	2.4
5500	115	0	203	ADDH	0	0	2.4
5500	176	0	203	ADDL	0	0	2.4
5500	22	0	203	ADDX	0	0	2.4
2200-1	0	0	204	ADE	16	3.2	1.4
5500	111	0	204	ADEB	0	0	2.4
5500	62	0	204	ADEC	0	0	2.4
5500	113	0	204	ADED	0	0	2.4
5500	174	0	204	ADEE	0	0	2.4
5500	115	0	204	ADEH	0	0	2.4
5500	176	0	204	ADEL	0	0	2.4
5500	22	0	204	ADEX	0	0	2.4
2200-1	0	0	205	ADH	16	3.2	1.4
5500	111	0	205	ADHB	0	0	2.4
5500	62	0	205	ADHC	0	0	2.4
5500	113	0	205	ADHD	0	0	2.4
5500	174	0	205	ADHE	0	0	2.4
5500	115	0	205	ADHH	0	0	2.4
5500	176	0	205	ADHL	0	0	2.4
5500	22	0	205	ADHX	0	0	2.4
2200-1	0	0	206	ADL	16	3.2	1.4
5500	111	0	206	ADLB	0	0	2.4
5500	62	0	206	ADLC	0	0	2.4
5500	113	0	206	ADLD	0	0	2.4
5500	174	0	206	ADLE	0	0	2.4
5500	115	0	206	ADLH	0	0	2.4
5500	176	0	206	ADLL	0	0	2.4
5500	22	0	206	ADLX	0	0	2.4
2200-1	0	0	207	ADM	520	4.8	2.6
5500	111	0	207	ADMB	0	0	3.6
5500	62	0	207	ADMC	0	0	3.6
5500	113	0	207	ADMD	0	0	3.6
5500	174	0	207	ADME	0	0	3.6
5500	115	0	207	ADMH	0	0	3.6
5500	176	0	207	ADML	0	0	3.6
5500	22	0	207	ADMX	0	0	3.6
2200-1	0	1	014	AC	16	4.8	2.2
5500	111	1	014	AC B	0	0	3.2
5500	62	1	014	AC C	0	0	3.2
5500	113	1	014	AC D	0	0	3.2
5500	174	1	014	AC E	0	0	3.2
5500	115	1	014	AC H	0	0	3.2
5500	176	1	014	AC L	0	0	3.2
5500	22	1	014	AC X	0	0	3.2
2200-1	0	0	210	ACA	16	3.2	1.4
5500	111	0	210	ACAB	0	0	2.4
5500	62	0	210	ACAC	0	0	2.4
5500	113	0	210	ACAD	0	0	2.4
5500	174	0	210	ACAE	0	0	2.4
5500	115	0	210	ACAH	0	0	2.4
5500	176	0	210	ACAL	0	0	2.4
5500	22	0	210	ACAX	0	0	2.4
2200-1	0	0	211	ACB	16	3.2	1.4
5500	111	0	211	ACBB	0	0	2.4
5500	62	0	211	ACBC	0	0	2.4
5500	113	0	211	ACBD	0	0	2.4
5500	174	0	211	ACBE	0	0	2.4
5500	115	0	211	ACBH	0	0	2.4
5500	176	0	211	ACBL	0	0	2.4
5500	22	0	211	ACBX	0	0	2.4
2200-1	0	0	212	ACC	16	3.2	1.4
5500	111	0	212	ACCB	0	0	2.4
5500	62	0	212	ACCC	0	0	2.4
5500	113	0	212	ACCD	0	0	2.4
5500	174	0	212	ACCE	0	0	2.4
5500	115	0	212	ACCH	0	0	2.4
5500	176	0	212	ACCL	0	0	2.4
5500	22	0	212	ACCX	0	0	2.4
2200-1	0	0	213	ACD	16	3.2	1.4
5500	111	0	213	ACDB	0	0	2.4
5500	62	0	213	ACDC	0	0	2.4
5500	113	0	213	ACDD	0	0	2.4
5500	174	0	213	ACDE	0	0	2.4
5500	115	0	213	ACDH	0	0	2.4
5500	176	0	213	ACDL	0	0	2.4
5500	22	0	213	ACDX	0	0	2.4
2200-1	0	0	214	ACE	16	3.2	1.4
5500	111	0	214	ACEB	0	0	2.4
5500	62	0	214	ACEC	0	0	2.4
5500	113	0	214	ACED	0	0	2.4
5500	174	0	214	ACEE	0	0	2.4
5500	115	0	214	ACEH	0	0	2.4
5500	176	0	214	ACEL	0	0	2.4
5500	22	0	214	ACEX	0	0	2.4
2200-1	0	0	215	ACH	16	3.2	1.4
5500	111	0	215	ACHB	0	0	2.4
5500	62	0	215	ACHC	0	0	2.4
5500	113	0	215	ACHD	0	0	2.4
5500	174	0	215	ACHE	0	0	2.4
5500	115	0	215	ACHH	0	0	2.4
5500	176	0	215	ACHL	0	0	2.4
5500	22	0	215	ACHX	0	0	2.4
2200-1	0	0	216	ACL	16	3.2	1.4
5500	111	0	216	ACLB	0	0	2.4
5500	62	0	216	ACLC	0	0	2.4
5500	113	0	216	ACLD	0	0	2.4
5500	174	0	216	ACLE	0	0	2.4
5500	115	0	216	ACLH	0	0	2.4
5500	176	0	216	ACLL	0	0	2.4
5500	22	0	216	ACLX	0	0	2.4
2200-1	0	0	217	ACM	520	4.8	2.6
5500	111	0	217	ACMB	0	0	3.6
5500	62	0	217	ACMC	0	0	3.6
5500	113	0	217	ACMD	0	0	3.6
5500	174	0	217	ACME	0	0	3.6
5500	115	0	217	ACMH	0	0	3.6
5500	176	0	217	ACML	0	0	3.6
5500	22	0	217	ACMX	0	0	3.6
2200-1	0	1	024	SU	16	4.8	2
5500	111	1	024	SU B	0	0	3
5500	62	1	024	SU C	0	0	3
5500	113	1	024	SU D	0	0	3
5500	174	1	024	SU E	0	0	3
5500	115	1	024	SU H	0	0	3
5500	176	1	024	SU L	0	0	3
5500	22	1	024	SU X	0	0	3
2200-1	0	0	220	SUA	16	3.2	1.4
5500	111	0	220	SUAB	0	0	2.4
5500	62	0	220	SUAC	0	0	2.4
5500	113	0	220	SUAD	0	0	2.4
5500	174	0	220	SUAE	0	0	2.4
5500	115	0	220	SUAH	0	0	2.4
5500	176	0	220	SUAL	0	0	2.4
5500	22	0	220	SUAX	0	0	2.4
2200-1	0	0	221	SUB	16	3.2	1.4
5500	111	0	221	SUBB	0	0	2.4
5500	62	0	221	SUBC	0	0	2.4
5500	113	0	221	SUBD	0	0	2.4
5500	174	0	221	SUBE	0	0	2.4
5500	115	0	221	SUBH	0	0	2.4
5500	176	0	221	SUBL	0	0	2.4
5500	22	0	221	SUBX	0	0	2.4
2200-1	0	0	222	SUC	16	3.2	1.4
5500	111	0	222	SUCB	0	0	2.4
5500	62	0	222	SUCC	0	0	2.4
5500	113	0	222	SUCD	0	0	2.4
5500	174	0	222	SUCE	0	0	2.4
5500	115	0	222	SUCH	0	0	2.4
5500	176	0	222	SUCL	0	0	2.4
5500	22	0	222	SUCX	0	0	2.4
2200-1	0	0	223	SUD	16	3.2	1.4
5500	111	0	223	SUDB	0	0	2.4
5500	62	0	223	SUDC	0	0	2.4
5500	113	0	223	SUDD	0	0	2.4
5500	174	0	223	SUDE	0	0	2.4
5500	115	0	223	SUDH	0	0	2.4
5500	176	0	223	SUDL	0	0	2.4
5500	22	0	223	SUDX	0	0	2.4
2200-1	0	0	224	SUE	16	3.2	1.4
5500	111	0	224	SUEB	0	0	2.4
5500	62	0	224	SUEC	0	0	2.4
5500	113	0	224	SUED	0	0	2.4
5500	174	0	224	SUEE	0	0	2.4
5500	115	0	224	SUEH	0	0	2.4
5500	176	0	224	SUEL	0	0	2.4
5500	22	0	224	SUEX	0	0	2.4
2200-1	0	0	225	SUH	16	3.2	1.4
5500	111	0	225	SUHB	0	0	2.4
5500	62	0	225	SUHC	0	0	2.4
5500	113	0	225	SUHD	0	0	2.4
5500	174	0	225	SUHE	0	0	2.4
5500	115	0	225	SUHH	0	0	2.4
5500	176	0	225	SUHL	0	0	2.4
5500	22	0	225	SUEX	0	0	2.4
2200-1	0	0	226	SUL	16	3.2	1.4
5500	111	0	226	SULB	0	0	2.4
5500	62	0	226	SULC	0	0	2.4
5500	113	0	226	SULD	0	0	2.4
5500	174	0	226	SULE	0	0	2.4
5500	115	0	226	SULH	0	0	2.4
5500	176	0	226	SULL	0	0	2.4
5500	22	0	226	SULX	0	0	2.4
2200-1	0	0	227	SUM	520	4.8	2.6
5500	111	0	227	SUMB	0	0	3.6
5500	62	0	227	SUMC	0	0	3.6
5500	113	0	227	SUMD	0	0	3.6
5500	174	0	227	SUME	0	0	3.6
5500	115	0	227	SUMH	0	0	3.6
5500	176	0	227	SUML	0	0	3.6
5500	22	0	227	SUMX	0	0	3.6
2200-1	0	1	034	SB	16	4.8	2.2
5500	111	1	034	SB B	0	0	3.2
5500	62	1	034	SB C	0	0	3.2
5500	113	1	034	SB D	0	0	3.2
5500	174	1	034	SB E	0	0	3.2
5500	115	1	034	SB H	0	0	3.2
5500	176	1	034	SB L	0	0	3.2
5500	22	1	034	SB X	0	0	3.2
2200-1	0	0	230	SBA	16	3.2	1.4
5500	111	0	230	SBAB	0	0	2.4
5500	62	0	230	SBAC	0	0	2.4
5500	113	0	230	SBAD	0	0	2.4
5500	174	0	230	SBAE	0	0	2.4
5500	115	0	230	SBAH	0	0	2.4
5500	176	0	230	SBAL	0	0	2.4
5500	22	0	230	SBAX	0	0	2.4
2200-1	0	0	231	SBB	16	3.2	1.4
5500	111	0	231	SBBB	0	0	2.4
5500	62	0	231	SBBC	0	0	2.4
5500	113	0	231	SBBD	0	0	2.4
5500	174	0	231	SBBE	0	0	2.4
5500	115	0	231	SBBH	0	0	2.4
5500	176	0	231	SBBL	0	0	2.4
5500	22	0	231	SBBX	0	0	2.4
2200-1	0	0	232	SBC	16	3.2	1.4
5500	111	0	232	SBCB	0	0	2.4
5500	62	0	232	SBCC	0	0	2.4
5500	113	0	232	SBCD	0	0	2.4
5500	174	0	232	SBCE	0	0	2.4
5500	115	0	232	SBCH	0	0	2.4
5500	176	0	232	SBCL	0	0	2.4
5500	22	0	232	SBCX	0	0	2.4
2200-1	0	0	233	SBD	16	3.2	1.4
5500	111	0	233	SBDB	0	0	2.4
5500	62	0	233	SBDC	0	0	2.4
5500	113	0	233	SBDD	0	0	2.4
5500	174	0	233	SBDE	0	0	2.4
5500	115	0	233	SBDH	0	0	2.4
5500	176	0	233	SBDL	0	0	2.4
5500	22	0	233	SBDX	0	0	2.4
2200-1	0	0	234	SBE	16	3.2	1.4
5500	111	0	234	SBEB	0	0	2.4
5500	62	0	234	SBEC	0	0	2.4
5500	113	0	234	SBED	0	0	2.4
5500	174	0	234	SBEE	0	0	2.4
5500	115	0	234	SBEH	0	0	2.4
5500	176	0	234	SBEL	0	0	2.4
5500	22	0	234	SBEX	0	0	2.4
2200-1	0	0	235	SBH	16	3.2	1.4
5500	111	0	235	SBHB	0	0	2.4
5500	62	0	235	SBHC	0	0	2.4
5500	113	0	235	SBHD	0	0	2.4
5500	174	0	235	SBHE	0	0	2.4
5500	115	0	235	SBHH	0	0	2.4
5500	176	0	235	SBHL	0	0	2.4
5500	22	0	235	SBHX	0	0	2.4
2200-1	0	0	236	SBL	16	3.2	1.4
5500	111	0	236	SBLB	0	0	2.4
5500	62	0	236	SBLC	0	0	2.4
5500	113	0	236	SBLD	0	0	2.4
5500	174	0	236	SBLE	0	0	2.4
5500	115	0	236	SBLH	0	0	2.4
5500	176	0	236	SBLL	0	0	2.4
5500	22	0	236	SBLX	0	0	2.4
2200-1	0	0	237	SBM	520	4.8	2.6
5500	111	0	237	SBMB	0	0	3.6
5500	62	0	237	SBMC	0	0	3.6
5500	113	0	237	SBMD	0	0	3.6
5500	174	0	237	SBME	0	0	3.6
5500	115	0	237	SBMH	0	0	3.6
5500	176	0	237	SBML	0	0	3.6
5500	22	0	237	SBM	0	0	3.6
2200-1	0	1	044	ND	16	4.8	2.2
5500	111	1	044	ND B	0	0	3.2
5500	62	1	044	ND C	0	0	3.2
5500	113	1	044	ND D	0	0	3.2
5500	174	1	044	ND E	0	0	3.2
5500	115	1	044	ND H	0	0	3.2
5500	176	1	044	ND L	0	0	3.2
5500	22	1	044	ND X	0	0	3.2
2200-1	0	0	240	NDA	16	3.2	1.4
5500	111	0	240	NDAB	0	0	2.4
5500	62	0	240	NDAC	0	0	2.4
5500	113	0	240	NDAD	0	0	2.4
5500	174	0	240	NDAE	0	0	2.4
5500	115	0	240	NDAH	0	0	2.4
5500	176	0	240	NDAL	0	0	2.4
5500	22	0	240	NDAX	0	0	2.4
2200-1	0	0	241	NDB	16	3.2	1.4
5500	111	0	241	NDBB	0	0	2.4
5500	62	0	241	NDBC	0	0	2.4
5500	113	0	241	NDBD	0	0	2.4
5500	174	0	241	NDBE	0	0	2.4
5500	115	0	241	NDBH	0	0	2.4
5500	176	0	241	NDBL	0	0	2.4
5500	22	0	241	NDBX	0	0	2.4
2200-1	0	0	242	NDC	16	3.2	1.4
5500	111	0	242	NDCB	0	0	2.4
5500	62	0	242	NDCC	0	0	2.4
5500	113	0	242	NDCD	0	0	2.4
5500	174	0	242	NDCE	0	0	2.4
5500	115	0	242	NDCH	0	0	2.4
5500	176	0	242	NDCL	0	0	2.4
5500	22	0	242	NDCX	0	0	2.4
2200-1	0	0	243	NDD	16	3.2	1.4
5500	111	0	243	NDDB	0	0	2.4
5500	62	0	243	NDDC	0	0	2.4
5500	113	0	243	NDDD	0	0	2.4
5500	174	0	243	NDDE	0	0	2.4
5500	115	0	243	NDDH	0	0	2.4
5500	176	0	243	NDDL	0	0	2.4
5500	22	0	243	NDDX	0	0	2.4
2200-1	0	0	244	NDE	16	3.2	1.4
5500	111	0	244	NDEB	0	0	2.4
5500	62	0	244	NDEC	0	0	2.4
5500	113	0	244	NDED	0	0	2.4
5500	174	0	244	NDEE	0	0	2.4
5500	115	0	244	NDEH	0	0	2.4
5500	176	0	244	NDEL	0	0	2.4
5500	22	0	244	NDEX	0	0	2.4
2200-1	0	0	245	NDH	16	3.2	1.4
5500	111	0	245	NDHB	0	0	2.4
5500	62	0	245	NDHC	0	0	2.4
5500	113	0	245	NDHD	0	0	2.4
5500	174	0	245	NDHE	0	0	2.4
5500	115	0	245	NDHH	0	0	2.4
5500	176	0	245	NDHL	0	0	2.4
5500	22	0	245	NDHX	0	0	2.4
2200-1	0	0	246	NDL	16	3.2	1.4
5500	111	0	246	NDLB	0	0	2.4
5500	62	0	246	NDLC	0	0	2.4
5500	113	0	246	NDLD	0	0	2.4
5500	174	0	246	NDLE	0	0	2.4
5500	115	0	246	NDLH	0	0	2.4
5500	176	0	246	NDLL	0	0	2.4
5500	22	0	246	NDLX	0	0	2.4
2200-1	0	0	247	NDM	520	4.8	2.6
5500	111	0	247	NDMB	0	0	3.6
5500	62	0	247	NDMC	0	0	3.6
5500	113	0	247	NDMD	0	0	3.6
5500	174	0	247	NDME	0	0	3.6
5500	115	0	247	NDMH	0	0	3.6
5500	176	0	247	NDML	0	0	3.6
5500	22	0	247	NDMX	0	0	3.6
2200-1	0	1	064	OR	16	4.8	2
5500	111	1	064	OR B	0	0	3
5500	62	1	064	OR C	0	0	3
5500	113	1	064	OR D	0	0	3
5500	174	1	064	OR E	0	0	3
5500	115	1	064	OR H	0	0	3
5500	176	1	064	OR L	0	0	3
5500	22	1	064	OR X	0	0	3
2200-1	0	0	260	ORA	16	3.2	1.4
5500	111	0	260	ORAB	0	0	2.4
5500	62	0	260	ORAC	0	0	2.4
5500	113	0	260	ORAD	0	0	2.4
5500	174	0	260	ORAE	0	0	2.4
5500	115	0	260	ORAH	0	0	2.4
5500	176	0	260	ORAL	0	0	2.4
5500	22	0	260	ORAX	0	0	2.4
2200-1	0	0	261	ORB	16	3.2	1.4
5500	111	0	261	ORBB	0	0	2.4
5500	62	0	261	ORBC	0	0	2.4
5500	113	0	261	ORBD	0	0	2.4
5500	174	0	261	ORBE	0	0	2.4
5500	115	0	261	ORBH	0	0	2.4
5500	176	0	261	ORBL	0	0	2.4
5500	22	0	261	ORBX	0	0	2.4
2200-1	0	0	262	ORC	16	3.2	1.4
5500	111	0	262	ORCB	0	0	2.4
5500	62	0	262	ORCC	0	0	2.4
5500	113	0	262	ORCD	0	0	2.4
5500	174	0	262	ORCE	0	0	2.4
5500	115	0	262	ORCH	0	0	2.4
5500	176	0	262	ORCL	0	0	2.4
5500	22	0	262	ORCX	0	0	2.4
2200-1	0	0	263	ORD	16	3.2	1.4
5500	111	0	263	ORDB	0	0	2.4
5500	62	0	263	ORDC	0	0	2.4
5500	113	0	263	ORDD	0	0	2.4
5500	174	0	263	ORDE	0	0	2.4
5500	115	0	263	ORDH	0	0	2.4
5500	176	0	263	ORDL	0	0	2.4
5500	22	0	263	ORDX	0	0	2.4
2200-1	0	0	264	ORE	16	3.2	1.4
5500	111	0	264	OREB	0	0	2.4
5500	62	0	264	OREC	0	0	2.4
5500	113	0	264	ORED	0	0	2.4
5500	174	0	264	OREE	0	0	2.4
5500	115	0	264	OREH	0	0	2.4
5500	176	0	264	OREL	0	0	2.4
5500	22	0	264	OREX	0	0	2.4
2200-1	0	0	265	ORH	16	3.2	1.4
5500	111	0	265	ORHB	0	0	2.4
5500	62	0	265	ORHC	0	0	2.4
5500	113	0	265	ORHD	0	0	2.4
5500	174	0	265	ORHE	0	0	2.4
5500	115	0	265	ORHH	0	0	2.4
5500	176	0	265	ORHL	0	0	2.4
5500	22	0	265	ORHX	0	0	2.4
2200-1	0	0	266	ORL	16	3.2	1.4
5500	111	0	266	ORLB	0	0	2.4
5500	62	0	266	ORLC	0	0	2.4
5500	113	0	266	ORLD	0	0	2.4
5500	174	0	266	ORLE	0	0	2.4
5500	115	0	266	ORLH	0	0	2.4
5500	176	0	266	ORLL	0	0	2.4
5500	22	0	266	ORLX	0	0	2.4
2200-1	0	0	267	ORM	520	4.8	2.6
5500	111	0	267	ORMB	0	0	3.6
5500	62	0	267	ORMC	0	0	3.6
5500	113	0	267	ORMD	0	0	3.6
5500	174	0	267	ORME	0	0	3.6
5500	115	0	267	ORMH	0	0	3.6
5500	176	0	267	ORML	0	0	3.6
5500	22	0	267	ORMX	0	0	3.6
2200-1	0	1	054	XR	16	4.8	2
5500	111	1	054	XR B	0	0	3
5500	62	1	054	XR C	0	0	3
5500	113	1	054	XR D	0	0	3
5500	174	1	054	XR E	0	0	3
5500	115	1	054	XR H	0	0	3
5500	176	1	054	XR L	0	0	3
5500	22	1	054	XR X	0	0	3
2200-1	0	0	250	XRA	16	3.2	1.4
5500	111	0	250	XRAB	0	0	2.4
5500	62	0	250	XRAC	0	0	2.4
5500	113	0	250	XRAD	0	0	2.4
5500	174	0	250	XRAE	0	0	2.4
5500	115	0	250	XRAH	0	0	2.4
5500	176	0	250	XRAL	0	0	2.4
5500	22	0	250	XRAX	0	0	2.4
2200-1	0	0	251	XRB	16	3.2	1.4
5500	111	0	251	XRBB	0	0	2.4
5500	62	0	251	XRBC	0	0	2.4
5500	113	0	251	XRBD	0	0	2.4
5500	174	0	251	XRBE	0	0	2.4
5500	115	0	251	XRBH	0	0	2.4
5500	176	0	251	XRBL	0	0	2.4
5500	22	0	251	XRBX	0	0	2.4
2200-1	0	0	252	XRC	16	3.2	1.4
5500	111	0	252	XRCB	0	0	2.4
5500	62	0	252	XRCC	0	0	2.4
5500	113	0	252	XRCD	0	0	2.4
5500	174	0	252	XRCE	0	0	2.4
5500	115	0	252	XRCH	0	0	2.4
5500	176	0	252	XRCL	0	0	2.4
5500	22	0	252	XRCX	0	0	2.4
2200-1	0	0	253	XRD	16	3.2	1.4
5500	111	0	253	XRDB	0	0	2.4
5500	62	0	253	XRDC	0	0	2.4
5500	113	0	253	XRDD	0	0	2.4
5500	174	0	253	XRDE	0	0	2.4
5500	115	0	253	XRDH	0	0	2.4
5500	176	0	253	XRDL	0	0	2.4
5500	22	0	253	XRDX	0	0	2.4
2200-1	0	0	254	XRE	16	3.2	1.4
5500	111	0	254	XREB	0	0	2.4
5500	62	0	254	XREC	0	0	2.4
5500	113	0	254	XRED	0	0	2.4
5500	174	0	254	XREE	0	0	2.4
5500	115	0	254	XREH	0	0	2.4
5500	176	0	254	XREL	0	0	2.4
5500	22	0	254	XREX	0	0	2.4
2200-1	0	0	255	XRH	16	3.2	1.4
5500	111	0	255	XRHB	0	0	2.4
5500	62	0	255	XRHC	0	0	2.4
5500	113	0	255	XRHD	0	0	2.4
5500	174	0	255	XRHE	0	0	2.4
5500	115	0	255	XRHH	0	0	2.4
5500	176	0	255	XRHL	0	0	2.4
5500	22	0	255	XRHX	0	0	2.4
2200-1	0	0	256	XRL	16	3.2	1.4
5500	111	0	256	XRLB	0	0	2.4
5500	62	0	256	XRLC	0	0	2.4
5500	113	0	256	XRLD	0	0	2.4
5500	174	0	256	XRLE	0	0	2.4
5500	115	0	256	XRLH	0	0	2.4
5500	176	0	256	XRLL	0	0	2.4
5500	22	0	256	XRLX	0	0	2.4
2200-1	0	0	257	XRM	520	3.2	2.6
5500	111	0	257	XRMB	0	0	3.6
5500	62	0	257	XRMC	0	0	3.6
5500	113	0	257	XRMD	0	0	3.6
5500	174	0	257	XRME	0	0	3.6
5500	115	0	257	XRMH	0	0	3.6
5500	176	0	257	XRML	0	0	3.6
5500	22	0	257	XRMX	0	0	3.6
2200-1	0	1	074	CP	16	4.8	1.8
5500	111	1	074	CP B	0	0	2.8
5500	62	1	074	CP C	0	0	2.8
5500	113	1	074	CP D	0	0	2.8
5500	174	1	074	CP E	0	0	2.8
5500	115	1	074	CP H	0	0	2.8
5500	176	1	074	CP L	0	0	2.8
5500	22	1	074	CP X	0	0	2.8
2200-1	0	0	270	CPA	16	3.2	1.2
5500	111	0	270	CPAB	0	0	2.2
5500	62	0	270	CPAC	0	0	2.2
5500	113	0	270	CPAD	0	0	2.2
5500	174	0	270	CPAE	0	0	2.2
5500	115	0	270	CPAH	0	0	2.2
5500	176	0	270	CPAL	0	0	2.2
5500	22	0	270	CPAX	0	0	2.2
2200-1	0	0	271	CPB	16	3.2	1.2
5500	111	0	271	CPBB	0	0	2.2
5500	62	0	271	CPBC	0	0	2.2
5500	113	0	271	CPBD	0	0	2.2
5500	174	0	271	CPBE	0	0	2.2
5500	115	0	271	CPBH	0	0	2.2
5500	176	0	271	CPBL	0	0	2.2
5500	22	0	271	CPBX	0	0	2.2
2200-1	0	0	272	CPC	16	3.2	1.2
5500	111	0	272	CPCB	0	0	2.2
5500	62	0	272	CPCC	0	0	2.2
5500	113	0	272	CPCD	0	0	2.2
5500	174	0	272	CPCE	0	0	2.2
5500	115	0	272	CPCH	0	0	2.2
5500	176	0	272	CPCL	0	0	2.2
5500	22	0	272	CPCX	0	0	2.2
2200-1	0	0	273	CPD	16	3.2	1.2
5500	111	0	273	CPDB	0	0	2.2
5500	62	0	273	CPDC	0	0	2.2
5500	113	0	273	CPDD	0	0	2.2
5500	174	0	273	CPDE	0	0	2.2
5500	115	0	273	CPDH	0	0	2.2
5500	176	0	273	CPDL	0	0	2.2
5500	22	0	273	CPDX	0	0	2.2
2200-1	0	0	274	CPE	16	3.2	1.2
5500	111	0	274	CPEB	0	0	2.2
5500	62	0	274	CPEC	0	0	2.2
5500	113	0	274	CPED	0	0	2.2
5500	174	0	274	CPEE	0	0	2.2
5500	115	0	274	CPEH	0	0	2.2
5500	176	0	274	CPEL	0	0	2.2
5500	22	0	274	CPEX	0	0	2.2
2200-1	0	0	275	CPH	16	3.2	1.2
5500	111	0	275	CPHB	0	0	2.2
5500	62	0	275	CPHC	0	0	2.2
5500	113	0	275	CPHD	0	0	2.2
5500	174	0	275	CPHE	0	0	2.2
5500	115	0	275	CPHH	0	0	2.2
5500	176	0	275	CPHL	0	0	2.2
5500	22	0	275	CPHX	0	0	2.2
2200-1	0	0	276	CPL	16	3.2	1.2
5500	111	0	276	CPLB	0	0	2.2
5500	62	0	276	CPLC	0	0	2.2
5500	113	0	276	CPLD	0	0	2.2
5500	174	0	276	CPLE	0	0	2.2
5500	115	0	276	CPLH	0	0	2.2
5500	176	0	276	CPLL	0	0	2.2
5500	22	0	276	CPLX	0	0	2.2
2200-1	0	0	277	CPM	520	4.8	2.4
5500	111	0	277	CPMB	0	0	3.4
5500	62	0	277	CPMC	0	0	3.4
5500	113	0	277	CPMD	0	0	3.4
5500	174	0	277	CPME	0	0	3.4
5500	115	0	277	CPMH	0	0	3.4
5500	176	0	277	CPML	0	0	3.4
5500	22	0	277	CPMX	0	0	3.4
5500	0	0	032	SRE	0	0	1.4
5500	111	0	032	SREB	0	0	2.4
5500	62	0	032	SREC	0	0	2.4
5500	113	0	032	SRED	0	0	2.4
5500	174	0	032	SREE	0	0	2.4
5500	115	0	032	SREH	0	0	2.4
5500	176	0	032	SREL	0	0	2.4
5500	22	0	032	SREX	0	0	2.4
2200-1	0	2	104	JMP	VAR	6.4	2.8
2200-1	0	2	140	JTC	VAR/24	6.4/4.8	2.8/1.4
2200-1	0	2	150	JTZ	VAR/24	6.4/4.8	2.8/1.4
2200-1	0	2	160	JTS	VAR/24	6.4/4.8	2.8/1.4
2200-1	0	2	170	JTP	VAR/24	6.4/4.8	2.8/1.4
2200-1	0	2	100	JFC	VAR/24	6.4/4.8	2.8/1.4
2200-1	0	2	110	JFZ	VAR/24	6.4/4.8	2.8/1.4
2200-1	0	2	120	JFS	VAR/24	6.4/4.8	2.8/1.4
2200-1	0	2	130	JFP	VAR/24	6.4/4.8	2.8/1.4
2200-1	0	2	106	CALL	VAR	6.4	2.8
2200-1	0	2	142	CTC	VAR/24	6.4/4.8	3.2/1.6
2200-1	0	2	152	CTZ	VAR/24	6.4/4.8	3.2/1.6
2200-1	0	2	162	CTS	VAR/24	6.4/4.8	3.2/1.6
2200-1	0	2	172	CTP	VAR/24	6.4/4.8	3.2/1.6
2200-1	0	2	102	CFC	VAR/24	6.4/4.8	3.2/1.6
2200-1	0	2	112	CFZ	VAR/24	6.4/4.8	3.2/1.6
2200-1	0	2	122	CFS	VAR/24	6.4/4.8	3.2/1.6
2200-1	0	2	132	CFP	VAR/24	6.4/4.8	3.2/1.6
2200-1	0	0	007	RET	VAR	3.2	1.8
2200-1	0	0	043	RTC	VAR/16	3.2	2.0/1.0
2200-1	0	0	053	RTZ	VAR/16	3.2	2.0/1.0
2200-1	0	0	063	RTS	VAR/16	3.2	2.0/1.0
2200-1	0	0	073	RTP	VAR/16	3.2	2.0/1.0
2200-1	0	0	003	RFC	VAR/16	3.2	2.0/1.0
2200-1	0	0	013	RFZ	VAR/16	3.2	2.0/1.0
2200-1	0	0	023	RFS	VAR/16	3.2	2.0/1.0
2200-1	0	0	033	RFP	VAR/16	3.2	2.0/1.0
2200-1	0	0	012	SRC	16	3.2	1.4
5500	111	0	012	SRCB	0	0	2.4
5500	62	0	012	SRCC	0	0	2.4
5500	113	0	012	SRCD	0	0	2.4
5500	174	0	012	SRCE	0	0	2.4
5500	115	0	012	SRCH	0	0	2.4
5500	176	0	012	SRCL	0	0	2.4
5500	22	0	012	SRCX	0	0	2.4
2200-1	0	0	002	SLC	16	3.2	1.4
5500	111	0	002	SLCB	0	0	2.4
5500	62	0	002	SLCC	0	0	2.4
5500	113	0	002	SLCD	0	0	2.4
5500	174	0	002	SLCE	0	0	2.4
5500	115	0	002	SLCH	0	0	2.4
5500	176	0	002	SLCL	0	0	2.4
5500	22	0	002	SLCX	0	0	2.4
2200-1	0	0	000	HALT	0	0	0
2200-1	0	0	001	HALT	0	0	0
2200-1	0	0	101	INPUT	16	9.6	5
5500	111	0	101	INPUT B	0	0	6
5500	62	0	101	INPUT C	0	0	6
5500	113	0	101	INPUT D	0	0	6
5500	174	0	101	INPUT E	0	0	6
5500	115	0	101	INPUT H	0	0	6
5500	176	0	101	INPUT L	0	0	6
5500	22	0	101	INPUT X	0	0	6
2200-2	0	0	060	POP	0	4.8	2.2
5500	62	0	060	POP BC	0	0	3
5500	174	0	060	POP DE	0	0	3
5500	22	0	060	POP XA	0	0	3
2200-2	0	0	070	PUSH	0	3.2	1.8
5500	62	0	070	PUSH BC	0	0	2.6
5500	174	0	070	PUSH DE	0	0	2.6
5500	22	0	070	PUSH XA	0	0	2.6
5500	0	2	051	PUSH			
2200-2	0	0	050	EI	0	3.2	1.4
2200-2	0	0	040	DI	0	3.2	1.4
2200-2	0	0	030	ALPHA	0	3.2	1.4
2200-2	0	0	020	BETA	0	3.2	1.4
2200-1	0	0	121	EX_ADR	16	9.6	9.2
5500	111	0	121	EX_ADR B	0	0	10.2
5500	62	0	121	EX_ADR C	0	0	10.2
5500	113	0	121	EX_ADR D	0	0	10.2
5500	174	0	121	EX_ADR E	0	0	10.2
5500	115	0	121	EX_ADR H	0	0	10.2
5500	176	0	121	EX_ADR L	0	0	10.2
5500	22	0	121	EX_ADR X	0	0	10.2
2200-1	0	0	123	EX_STATUS	16	9.6	9.2
5500	111	0	123	EX_STATUS B	0	0	10.2
5500	62	0	123	EX_STATUS C	0	0	10.2
5500	113	0	123	EX_STATUS D	0	0	10.2
5500	174	0	123	EX_STATUS E	0	0	10.2
5500	115	0	123	EX_STATUS H	0	0	10.2
5500	176	0	123	EX_STATUS L	0	0	10.2
5500	22	0	123	EX_STATUS X	0	0	10.2
2200-1	0	0	125	EX_DATA	16	9.6	9.2
5500	111	0	125	EX_DATA B	0	0	10.2
5500	62	0	125	EX_DATA C	0	0	10.2
5500	113	0	125	EX_DATA D	0	0	10.2
5500	174	0	125	EX_DATA E	0	0	10.2
5500	115	0	125	EX_DATA H	0	0	10.2
5500	176	0	125	EX_DATA L	0	0	10.2
5500	22	0	125	EX_DATA X	0	0	10.2
2200-1	0	0	127	EX_WRITE	16	9.6	9.2
5500	111	0	127	EX_WRITE B	0	0	10.2
5500	62	0	127	EX_WRITE C	0	0	10.2
5500	113	0	127	EX_WRITE D	0	0	10.2
5500	174	0	127	EX_WRITE E	0	0	10.2
5500	115	0	127	EX_WRITE H	0	0	10.2
5500	176	0	127	EX_WRITE L	0	0	10.2
5500	22	0	127	EX_WRITE X	0	0	10.2
2200-1	0	0	131	EX_COM1	16	9.6	9.2
5500	111	0	131	EX_COM1 B	0	0	10.2
5500	62	0	131	EX_COM1 C	0	0	10.2
5500	113	0	131	EX_COM1 D	0	0	10.2
5500	174	0	131	EX_COM1 E	0	0	10.2
5500	115	0	131	EX_COM1 H	0	0	10.2
5500	176	0	131	EX_COM1 L	0	0	10.2
5500	22	0	131	EX_COM1 X	0	0	10.2
2200-1	0	0	133	EX_COM2	16	9.6	9.2
5500	111	0	133	EX_COM2 B	0	0	10.2
5500	62	0	133	EX_COM2 C	0	0	10.2
5500	113	0	133	EX_COM2 D	0	0	10.2
5500	174	0	133	EX_COM2 E	0	0	10.2
5500	115	0	133	EX_COM2 H	0	0	10.2
5500	176	0	133	EX_COM2 L	0	0	10.2
5500	22	0	133	EX_COM2 X	0	0	10.2
2200-1	0	0	135	EX_COM3	16	9.6	9.2
5500	111	0	135	EX_COM3 B	0	0	10.2
5500	62	0	135	EX_COM3 C	0	0	10.2
5500	113	0	135	EX_COM3 D	0	0	10.2
5500	174	0	135	EX_COM3 E	0	0	10.2
5500	115	0	135	EX_COM3 H	0	0	10.2
5500	176	0	135	EX_COM3 L	0	0	10.2
5500	22	0	135	EX_COM3 X	0	0	10.2
2200-1	0	0	137	EX_COM4	16	9.6	9.2
5500	111	0	137	EX_COM4 B	0	0	10.2
5500	62	0	137	EX_COM4 C	0	0	10.2
5500	113	0	137	EX_COM4 D	0	0	10.2
5500	174	0	137	EX_COM4 E	0	0	10.2
5500	115	0	137	EX_COM4 H	0	0	10.2
5500	176	0	137	EX_COM4 L	0	0	10.2
5500	22	0	137	EX_COM4 X	0	0	10.2
2200-1	0	0	151	EX_BEEP	16	9.6	9.2
5500	111	0	151	EX_BEEP B	0	0	10.2
5500	62	0	151	EX_BEEP C	0	0	10.2
5500	113	0	151	EX_BEEP D	0	0	10.2
5500	174	0	151	EX_BEEP E	0	0	10.2
5500	115	0	151	EX_BEEP H	0	0	10.2
5500	176	0	151	EX_BEEP L	0	0	10.2
5500	22	0	151	EX_BEEP X	0	0	10.2
2200-1	0	0	153	EX_CLICK	16	9.6	9.2
5500	111	0	153	EX_CLICK B	0	0	10.2
5500	62	0	153	EX_CLICK C	0	0	10.2
5500	113	0	153	EX_CLICK D	0	0	10.2
5500	174	0	153	EX_CLICK E	0	0	10.2
5500	115	0	153	EX_CLICK H	0	0	10.2
5500	176	0	153	EX_CLICK L	0	0	10.2
5500	22	0	153	EX_CLICK X	0	0	10.2
2200-1	0	0	155	EX_DECK1	16	9.6	9.2
5500	111	0	155	EX_DECK1 B	0	0	10.2
5500	62	0	155	EX_DECK1 C	0	0	10.2
5500	113	0	155	EX_DECK1 D	0	0	10.2
5500	174	0	155	EX_DECK1 E	0	0	10.2
5500	115	0	155	EX_DECK1 H	0	0	10.2
5500	176	0	155	EX_DECK1 L	0	0	10.2
5500	22	0	155	EX_DECK1 X	0	0	10.2
2200-1	0	0	157	EX_DECK2	16	9.6	9.2
5500	111	0	157	EX_DECK2 B	0	0	10.2
5500	62	0	157	EX_DECK2 C	0	0	10.2
5500	113	0	157	EX_DECK2 D	0	0	10.2
5500	174	0	157	EX_DECK2 E	0	0	10.2
5500	115	0	157	EX_DECK2 H	0	0	10.2
5500	176	0	157	EX_DECK2 L	0	0	10.2
5500	22	0	157	EX_DECK2 X	0	0	10.2
2200-1	0	0	161	EX_RBK	16	9.6	9.2
5500	111	0	161	EX_RBK B	0	0	10.2
5500	62	0	161	EX_RBK C	0	0	10.2
5500	113	0	161	EX_RBK D	0	0	10.2
5500	174	0	161	EX_RBK E	0	0	10.2
5500	115	0	161	EX_RBK H	0	0	10.2
5500	176	0	161	EX_RBK L	0	0	10.2
5500	22	0	161	EX_RBK X	0	0	10.2
2200-1	0	0	163	EX_WBK	16	9.6	9.2
5500	111	0	163	EX_WBK B	0	0	10.2
5500	62	0	163	EX_WBK C	0	0	10.2
5500	113	0	163	EX_WBK D	0	0	10.2
5500	174	0	163	EX_WBK E	0	0	10.2
5500	115	0	163	EX_WBK H	0	0	10.2
5500	176	0	163	EX_WBK L	0	0	10.2
5500	22	0	163	EX_WBK X	0	0	10.2
2200-1	0	0	167	EX_BSP	16	9.6	9.2
5500	111	0	167	EX_BSP B	0	0	10.2
5500	62	0	167	EX_BSP C	0	0	10.2
5500	113	0	167	EX_BSP D	0	0	10.2
5500	174	0	167	EX_BSP E	0	0	10.2
5500	115	0	167	EX_BSP H	0	0	10.2
5500	176	0	167	EX_BSP L	0	0	10.2
5500	22	0	167	EX_BSP X	0	0	10.2
2200-1	0	0	171	EX_SF	16	9.6	9.2
5500	111	0	171	EX_SF B	0	0	10.2
5500	62	0	171	EX_SF C	0	0	10.2
5500	113	0	171	EX_SF D	0	0	10.2
5500	174	0	171	EX_SF E	0	0	10.2
5500	115	0	171	EX_SF H	0	0	10.2
5500	176	0	171	EX_SF L	0	0	10.2
5500	22	0	171	EX_SF X	0	0	10.2
2200-1	0	0	173	EX_SB	16	9.6	9.2
5500	111	0	173	EX_SB B	0	0	10.2
5500	62	0	173	EX_SB C	0	0	10.2
5500	113	0	173	EX_SB D	0	0	10.2
5500	174	0	173	EX_SB E	0	0	10.2
5500	115	0	173	EX_SB H	0	0	10.2
5500	176	0	173	EX_SB L	0	0	10.2
5500	22	0	173	EX_SB X	0	0	10.2
2200-1	0	0	175	EX_REWIND	16	9.6	9.2
5500	111	0	175	EX_REWIND B	0	0	10.2
5500	62	0	175	EX_REWIND C	0	0	10.2
5500	113	0	175	EX_REWIND D	0	0	10.2
5500	174	0	175	EX_REWIND E	0	0	10.2
5500	115	0	175	EX_REWIND H	0	0	10.2
5500	176	0	175	EX_REWIND L	0	0	10.2
5500	22	0	175	EX_REWIND X	0	0	10.2
2200-1	0	0	177	EX_TSTOP	16	9.6	9.2
5500	111	0	177	EX_TSTOP B	0	0	10.2
5500	62	0	177	EX_TSTOP C	0	0	10.2
5500	113	0	177	EX_TSTOP D	0	0	10.2
5500	174	0	177	EX_TSTOP E	0	0	10.2
5500	115	0	177	EX_TSTOP H	0	0	10.2
5500	176	0	177	EX_TSTOP L	0	0	10.2
5500	22	0	177	EX_TSTOP X	0	0	10.2
5500	0	0	103	PIN	0	0	5.4
5500	111	0	103	PIN B	0	0	5.4
5500	62	0	103	PIN C	0	0	5.4
5500	113	0	103	PIN D	0	0	5.4
5500	174	0	103	PIN E	0	0	5.4
5500	115	0	103	PIN H	0	0	5.4
5500	176	0	103	PIN L	0	0	5.4
5500	22	0	103	PIN X	0	0	5.4
5500	0	0	021	BT	0	0	4.8+N*3.2
5500	111	0	021	BTR	0	0	4.8+N*3.2
5500	62	0	021	BCV	0	0	VAR
5500	0	0	011	BFAC	0	0	VAR
5500	0	0	031	BFSB	0	0	VAR
5500	0	0	041	BCP	0	0	VAR
5500	111	0	041	DFAC	0	0	VAR
5500	62	0	041	BFSB	0	0	VAR
5500	0	0	075	BFSL	0	0	VAR
5500	111	0	075	BFSR	0	0	VAR
5500	111	0	061	MIN	0	0	VAR
5500	111	0	071	MOUT	0	0	VAR
5500	0	0	065	STKS	0	0	VAR
5500	111	0	065	STKL	0	0	VAR
5500	0	0	055	REGS	0	0	13.2
5500	111	0	055	REGL	0	0	12.2
5500	0	0	042	CCS	0	0	VAR
5500	111	0	042	CCS B	0	0	VAR
5500	62	0	042	CCS C	0	0	VAR
5500	113	0	042	CCS D	0	0	VAR
5500	174	0	042	CCS E	0	0	VAR
5500	115	0	042	CCS H	0	0	VAR
5500	176	0	042	CCS L	0	0	VAR
5500	22	0	042	CCS X	0	0	VAR
5500	0	0	015	INCP HL	0	0	2.8
5500	117	0	015	INCP HL,2	0	0	3.8
5500	0	0	017	INCP HL,A	0	0	3
5500	62	0	015	INCP BC	0	0	3.6
5500	113	0	015	INCP BC,2	0	0	3.8
5500	62	0	017	INCP BC,A	0	0	3.8
5500	174	0	015	INCP DE	0	0	3.6
5500	115	0	015	INCP DE,2	0	0	3.8
5500	174	0	017	INCP DE,A	0	0	3.8
5500	22	0	015	INCP XA	0	0	3.6
5500	111	0	015	INCP XA,2	0	0	3.8
5500	22	0	017	INCP XA,A	0	0	3.8
5500	0	0	035	DECP HL	0	0	2.8
5500	117	0	035	DECP HL,2	0	0	3.8
5500	0	0	037	DECP HL,A	0	0	3
5500	62	0	035	DECP BC	0	0	3.6
5500	113	0	035	DECP BC,2	0	0	3.8
5500	62	0	037	DECP BC,A	0	0	3.8
5500	174	0	035	DECP DE	0	0	3.6
5500	115	0	035	DECP DE,2	0	0	3.8
5500	174	0	037	DECP DE,A	0	0	3.8
5500	22	0	035	DECP XA	0	0	3.6
5500	111	0	035	DECP XA,2	0	0	3.8
5500	22	0	037	DECP XA,A	0	0	3.8
5500	0	0	047	DL DE,HL	0	0	3.6
5500	111	0	047	DL BC,HL	0	0	5.4
5500	62	0	047	DL BC,BC	0	0	4.8
5500	113	0	047	DL BC,DE	0	0	5.2
5500	174	0	047	DL DE,BC	0	0	4.8
5500	115	0	047	DL DE,DE	0	0	5.2
5500	176	0	047	DL HL,BC	0	0	4.8
5500	117	0	047	DL HL,DE	0	0	5.2
5500	0	0	057	DL HL,HL	0	0	3.6
5500	0	0	027	DS DE,HL	0	0	3.6
5500	111	0	027	DS BC,HL	0	0	5.4
5500	113	0	027	DS BC,DE	0	0	5.2
5500	174	0	027	DS DE,BC	0	0	4.8
5500	176	0	027	DS HL,BC	0	0	4.8
5500	117	0	027	DS HL,DE	0	0	5.2
5500	0	1	105	PL A,	0	0	3
5500	0	1	114	PL B,	0	0	3
5500	0	1	124	PL C,	0	0	3
5500	0	1	134	PL D,	0	0	3
5500	0	1	144	PL E,	0	0	3
5500	0	1	154	PL H,	0	0	3
5500	0	1	164	PL L,	0	0	3
5500	0	1	107	PS A,	0	0	3
5500	0	1	116	PS B,	0	0	3
5500	0	1	126	PS C,	0	0	3
5500	0	1	136	PS D,	0	0	3
5500	0	1	146	PS E,	0	0	3
5500	0	1	156	PS H,	0	0	3
5500	0	1	166	PS L,	0	0	3
5500	111	1	124	DPL BC,	0	0	5
5500	113	1	144	DPL DE,	0	0	5
5500	115	1	164	DPL HL,	0	0	5
5500	111	1	126	DPS BC,	0	0	5
5500	113	1	146	DPS DE,	0	0	5
5500	115	1	166	DPS HL,	0	0	5
5500	0	4	005	INCI	0	0	7.4
5500	0	4	025	DECI	0	0	7.6
5500	111	6	005	INCI*	0	0	9.4
5500	111	6	025	DECI*	0	0	9.6
5500	62	4	005	LFII BC	0	0	7.4
5500	62	4	025	LFID BC	0	0	7.6
5500	113	6	005	LFII* BC	0	0	8.4
5500	113	6	025	LFID* BC	0	0	8.6
5500	174	4	005	LFII DE	0	0	7.4
5500	174	4	025	LFID DE	0	0	7.6
5500	115	6	005	LFII* DE	0	0	8.4
5500	115	6	025	LFID* DE	0	0	8.6
5500	176	4	005	LFII HL	0	0	7.4
5500	176	4	025	LFID HL	0	0	7.6
5500	117	6	005	LFII* HL	0	0	8.4
5500	117	6	025	LFID* HL	0	0	8.6
5500	0	0	072	BRL	0	0	1.2
5500	111	0	072	BRL B	0	0	2.2
5500	62	0	072	BRL C	0	0	2.2
5500	113	0	072	BRL D	0	0	2.2
5500	174	0	072	BRL E	0	0	2.2
5500	115	0	072	BRL H	0	0	2.2
5500	176	0	072	BRL L	0	0	2.2
5500	22	0	072	BRL X	0	0	2.2
5500	0	0	045	NOJ	0	0	1.40
5500	0	0	067	SC	0	0	1.80
5500	111	0	102	UR	0	0	2.00
5500	0	0	077	STL	0	0	VAR
5500	0	0	052	BP	0	0	2.20
5500	111	2	050	EJMP	0	0	4.40
5500	62	0	050	EUR	0	0	3.80